manmade,manmade 
manmade,manmade 
manmade,manmade 
manmade,manmade 
manmade,manmade 
manmade,manmade 
manmade,manmade 
manmade,manmade 
manmade,manmade 
manmade,manmade 
manmade,manmade 
manmade,manmade  
manmade,manmade  
manmade,manmade  
manmade,manmade  
manmade,manmade  
manmade,manmade  
manmade,manmade  
manmade,manmade  
manmade,manmade  
manmade,manmade  
manmade,manmade  
manmade,manmade  
manmade,manmade  
manmade,manmade  
manmade,manmade  
manmade,manmade  
manmade,manmade  
manmade,manmade  
manmade,manmade  
manmade,manmade  
manmade,manmade  
manmade,manmade  
manmade,manmade  
manmade,manmade  
manmade,manmade  
manmade,manmade  
manmade,manmade  
manmade,manmade  
manmade,manmade  
manmade,manmade  
manmade,manmade  
manmade,manmade  
manmade,manmade  
manmade,manmade  
manmade,manmade  
manmade,manmade  
manmade,manmade  
manmade,manmade  
manmade,manmade  
manmade,manmade  
manmade,manmade  
manmade,manmade  
manmade,manmade  
manmade,manmade  
manmade,manmade  
manmade,manmade  
manmade,manmade  
manmade,manmade  
manmade,manmade  
manmade,natural
manmade,natural
manmade,natural
manmade,natural
manmade,natural
manmade,natural
manmade,natural
manmade,natural
manmade,natural
manmade,natural
manmade,natural
manmade,natural
manmade,natural
manmade,natural
manmade,natural
manmade,natural
manmade,natural
manmade,natural
manmade,natural
manmade,natural
manmade,natural
manmade,natural
manmade,natural
manmade,natural
manmade,natural
manmade,natural
manmade,natural
manmade,natural
manmade,natural
manmade,natural
manmade,natural
manmade,natural
manmade,natural
manmade,natural
manmade,natural
manmade,natural
manmade,natural
manmade,natural
manmade,natural
manmade,natural
manmade,natural
manmade,natural
manmade,natural
manmade,natural
manmade,natural
manmade,natural
manmade,natural
manmade,natural
manmade,natural
manmade,natural
manmade,natural
manmade,natural
manmade,natural
manmade,natural
manmade,natural
manmade,natural
manmade,natural
manmade,natural
manmade,natural
manmade,natural
manmade,natural
manmade,natural
manmade,natural
manmade,natural
manmade,natural
manmade,natural
manmade,natural
manmade,natural
manmade,natural
manmade,natural
manmade,natural
manmade,natural
manmade,natural
manmade,natural
manmade,natural
manmade,natural
manmade,natural
manmade,natural
manmade,natural
manmade,natural
manmade,natural
manmade,natural
manmade,natural
manmade,natural
manmade,natural
manmade,natural
manmade,natural
manmade,natural
manmade,natural
manmade,natural
manmade,natural
manmade,natural
manmade,natural
manmade,natural
manmade,natural
manmade,natural
manmade,natural
manmade,natural
manmade,natural
manmade,natural
manmade,natural
manmade,natural
manmade,natural
manmade,natural
manmade,natural
manmade,natural
manmade,natural
manmade,natural
manmade,natural
manmade,natural
manmade,natural
manmade,natural
manmade,natural
manmade,natural
manmade,natural
manmade,natural
manmade,natural
manmade,natural
manmade,natural
manmade,natural
manmade,natural
manmade,natural
manmade,natural
manmade,natural
manmade,natural
manmade,natural
manmade,natural
manmade,natural
manmade,natural
manmade,natural
manmade,natural
manmade,natural
manmade,natural
manmade,natural
manmade,natural
manmade,natural
manmade,natural
manmade,natural
manmade,natural
manmade,natural
manmade,natural
manmade,natural
manmade,natural
manmade,natural
manmade,natural
manmade,natural
manmade,natural
manmade,natural
manmade,natural
manmade,natural
manmade,natural
manmade,natural
manmade,natural
manmade,natural
manmade,natural
manmade,natural
manmade,natural
manmade,natural
manmade,natural
manmade,natural
manmade,natural
manmade,natural
manmade,natural
manmade,natural
manmade,natural
manmade,natural
manmade,natural
manmade,natural
manmade,natural
manmade,natural
manmade,natural
manmade,natural
manmade,natural
manmade,natural
manmade,natural
manmade,natural
manmade,natural
manmade,natural
manmade,natural
manmade,natural
manmade,natural
manmade,natural
manmade,natural
manmade,natural
manmade,natural
manmade,natural
manmade,natural
manmade,natural
manmade,natural
manmade,natural
manmade,natural
manmade,natural
manmade,natural
manmade,natural
manmade,natural
manmade,natural
manmade,natural
manmade,natural
manmade,natural
manmade,natural
manmade,natural
manmade,natural
manmade,natural
manmade,natural
manmade,natural
manmade,natural
manmade,natural
manmade,natural
manmade,natural
manmade,natural
manmade,natural
manmade,natural
manmade,natural
manmade,natural
manmade,natural
manmade,natural
manmade,natural
manmade,natural
manmade,natural
natural,manmade
natural,manmade
natural,manmade
natural,manmade
natural,manmade
natural,manmade
natural,manmade
natural,manmade
natural,natural  
natural,natural  
natural,natural  
natural,natural  
natural,natural  
natural,natural  
natural,natural  
natural,natural  
natural,natural  
natural,natural  
natural,natural  
natural,natural  
natural,natural  
natural,natural  
natural,natural  
natural,natural  
natural,natural  
natural,natural  
natural,natural  
natural,natural  
natural,natural  
natural,natural  
natural,natural  
natural,natural  
natural,natural  
natural,natural  
natural,natural  
natural,natural  
natural,natural  
natural,natural  
natural,natural  
natural,natural  
natural,natural  
natural,natural  
natural,natural  
natural,natural  
natural,natural  
natural,natural  
natural,natural  
natural,natural  
natural,natural  
natural,natural  
natural,natural  
natural,natural  
natural,natural  
natural,natural  
natural,natural  
natural,natural  
natural,natural  
natural,natural  
natural,natural  
natural,natural  
natural,natural  
natural,natural  
natural,natural  
natural,natural  
natural,natural  
natural,natural  
natural,natural  
natural,natural  
natural,natural  
natural,natural  
natural,natural  
natural,natural  
natural,natural  
natural,natural  
natural,natural  
natural,natural  
natural,natural  
natural,natural  
natural,natural  
natural,natural  
natural,natural  
natural,natural  
natural,natural  
natural,natural  
natural,natural  
natural,natural  
natural,natural  
natural,natural  
natural,natural  
natural,natural  
natural,natural  
natural,natural  
natural,natural  
natural,natural  
natural,natural  
natural,natural  
natural,natural  
natural,natural  
natural,natural  
natural,natural  
natural,natural  
natural,natural  
natural,natural  
natural,natural  
natural,natural  
natural,natural  
natural,natural  
natural,natural  
natural,natural  
natural,natural  
natural,natural  
natural,natural  
natural,natural  
natural,natural  
natural,natural  
natural,natural  
natural,natural  
natural,natural  
natural,natural  
natural,natural  
natural,natural  
natural,natural  
natural,natural  
natural,natural  
natural,natural  
natural,natural  
natural,natural  
natural,natural  
natural,natural  
natural,natural  
natural,natural  
natural,natural  
natural,natural  
natural,natural  
natural,natural  
natural,natural  
natural,natural  
natural,natural  
natural,natural  
natural,natural  
natural,natural  
natural,natural  
natural,natural  
natural,natural  
natural,natural  
natural,natural  
natural,natural  
natural,natural  
natural,natural  
natural,natural  
natural,natural  
natural,natural  
natural,natural  
natural,natural  
natural,natural  
natural,natural  
natural,natural  
natural,natural  
natural,natural  
natural,natural  
natural,natural  
natural,natural  
natural,natural  
natural,natural  
natural,natural  
natural,natural  
natural,natural  
natural,natural  
natural,natural  
natural,natural  
natural,natural  
natural,natural  
natural,natural  
natural,natural  
natural,natural  
natural,natural  
natural,natural  
natural,natural  
natural,natural  
natural,natural  
natural,natural  
natural,natural  
natural,natural  
natural,natural  
natural,natural  
natural,natural  
natural,natural  
natural,natural  
natural,natural  
natural,natural  
natural,natural  
natural,natural  
natural,natural  
natural,natural  
natural,natural  
natural,natural  
natural,natural  
natural,natural  
natural,natural  
natural,natural  
natural,natural  
natural,natural  
natural,natural  
natural,natural  
natural,natural  
natural,natural  
natural,natural  
natural,natural  
natural,natural  
natural,natural  
natural,natural  
natural,natural  
natural,natural  
natural,natural  
natural,natural  
natural,natural  
natural,natural  
natural,natural  
natural,natural  
natural,natural  
natural,natural  
natural,natural  
natural,natural  
natural,natural  
natural,natural  
natural,natural  
natural,natural  
natural,natural  
natural,natural  
natural,natural  
natural,natural  
natural,natural  
natural,natural  
natural,natural  
natural,natural  
natural,natural  
natural,natural  
natural,natural  
natural,natural  
natural,natural  
natural,natural  
natural,natural  
natural,natural  
natural,natural  
natural,natural  
natural,natural  
natural,natural  
natural,natural  
natural,natural  
natural,natural  
natural,natural  
natural,natural  
natural,natural  